{"meta": {"format": 2, "version": "7.4.2", "timestamp": "2024-04-26T15:16:55.731871", "branch_coverage": false, "show_contexts": false}, "files": {"src/__init__.py": {"executed_lines": [1], "summary": {"covered_lines": 0, "num_statements": 0, "percent_covered": 100.0, "percent_covered_display": "100", "missing_lines": 0, "excluded_lines": 0}, "missing_lines": [], "excluded_lines": []}, "src/myparser/__init__.py": {"executed_lines": [1], "summary": {"covered_lines": 0, "num_statements": 0, "percent_covered": 100.0, "percent_covered_display": "100", "missing_lines": 0, "excluded_lines": 0}, "missing_lines": [], "excluded_lines": []}, "src/myparser/hierarchy/__init__.py": {"executed_lines": [1], "summary": {"covered_lines": 0, "num_statements": 0, "percent_covered": 100.0, "percent_covered_display": "100", "missing_lines": 0, "excluded_lines": 0}, "missing_lines": [], "excluded_lines": []}, "src/myparser/hierarchy/graph.py": {"executed_lines": [1, 2, 3], "summary": {"covered_lines": 3, "num_statements": 92, "percent_covered": 3.260869565217391, "percent_covered_display": "3", "missing_lines": 89, "excluded_lines": 0}, "missing_lines": [5, 6, 7, 8, 10, 11, 13, 14, 15, 16, 18, 19, 22, 33, 34, 35, 36, 37, 38, 39, 40, 42, 43, 45, 46, 47, 48, 49, 51, 52, 53, 54, 55, 56, 58, 59, 60, 61, 63, 64, 65, 66, 67, 68, 72, 73, 74, 77, 78, 81, 82, 83, 86, 88, 89, 91, 94, 97, 100, 102, 103, 105, 106, 107, 109, 112, 115, 118, 120, 121, 123, 124, 125, 128, 129, 130, 132, 133, 134, 136, 137, 138, 139, 140, 141, 142, 143, 144, 146], "excluded_lines": []}, "src/myparser/hierarchy/tree.py": {"executed_lines": [1, 2], "summary": {"covered_lines": 2, "num_statements": 78, "percent_covered": 2.5641025641025643, "percent_covered_display": "3", "missing_lines": 76, "excluded_lines": 0}, "missing_lines": [4, 5, 6, 7, 8, 9, 10, 11, 12, 13, 15, 16, 17, 18, 19, 20, 21, 22, 23, 24, 25, 26, 27, 29, 30, 31, 32, 33, 34, 35, 37, 38, 39, 40, 41, 42, 43, 44, 47, 48, 49, 50, 51, 52, 53, 55, 56, 57, 59, 62, 63, 64, 66, 67, 70, 71, 72, 74, 76, 77, 80, 82, 84, 85, 86, 87, 89, 90, 91, 92, 93, 94, 97, 98, 99, 100], "excluded_lines": []}, "src/myparser/info.py": {"executed_lines": [1, 2, 3, 4, 5, 6, 7, 8, 9, 10, 11, 27, 28, 33, 48], "summary": {"covered_lines": 15, "num_statements": 45, "percent_covered": 33.333333333333336, "percent_covered_display": "33", "missing_lines": 30, "excluded_lines": 0}, "missing_lines": [12, 13, 14, 15, 16, 17, 18, 19, 20, 21, 22, 23, 29, 30, 31, 34, 35, 36, 37, 39, 40, 41, 42, 44, 46, 49, 50, 51, 52, 53], "excluded_lines": []}, "src/myparser/sp_description.py": {"executed_lines": [1, 3, 4, 5, 6, 7], "summary": {"covered_lines": 6, "num_statements": 183, "percent_covered": 3.278688524590164, "percent_covered_display": "3", "missing_lines": 177, "excluded_lines": 0}, "missing_lines": [9, 10, 11, 12, 13, 14, 15, 17, 18, 19, 21, 22, 23, 25, 26, 27, 28, 29, 30, 32, 33, 35, 36, 37, 39, 40, 41, 42, 44, 45, 46, 48, 49, 50, 51, 53, 54, 55, 56, 58, 60, 61, 62, 64, 65, 68, 69, 70, 73, 74, 76, 77, 79, 80, 81, 82, 84, 85, 86, 88, 90, 91, 92, 94, 95, 96, 98, 99, 100, 102, 105, 106, 109, 112, 114, 115, 117, 118, 119, 120, 122, 124, 125, 126, 129, 130, 131, 133, 134, 135, 136, 137, 138, 139, 140, 141, 142, 143, 145, 147, 148, 149, 151, 152, 153, 156, 157, 160, 161, 162, 163, 165, 167, 168, 170, 172, 173, 174, 176, 177, 178, 180, 181, 183, 184, 185, 186, 187, 188, 190, 192, 193, 195, 196, 198, 199, 200, 202, 203, 205, 206, 208, 209, 212, 214, 215, 217, 219, 220, 221, 222, 224, 225, 227, 229, 231, 232, 235, 236, 238, 239, 240, 241, 243, 244, 245, 246, 249, 250, 253, 254, 256, 257, 258, 260, 261, 263], "excluded_lines": []}, "src/myparser/sp_scenario.py": {"executed_lines": [1, 2], "summary": {"covered_lines": 2, "num_statements": 30, "percent_covered": 6.666666666666667, "percent_covered_display": "7", "missing_lines": 28, "excluded_lines": 0}, "missing_lines": [4, 5, 6, 8, 9, 10, 11, 13, 15, 16, 17, 19, 20, 22, 24, 25, 26, 28, 29, 30, 31, 33, 34, 36, 37, 39, 40, 42], "excluded_lines": []}, "src/myparser/sp_temporal_reference.py": {"executed_lines": [1, 2], "summary": {"covered_lines": 2, "num_statements": 30, "percent_covered": 6.666666666666667, "percent_covered_display": "7", "missing_lines": 28, "excluded_lines": 0}, "missing_lines": [4, 5, 6, 8, 9, 10, 11, 13, 15, 16, 17, 19, 20, 22, 24, 25, 26, 28, 29, 30, 31, 33, 34, 36, 37, 39, 40, 42], "excluded_lines": []}, "src/myparser/sp_values.py": {"executed_lines": [1, 2], "summary": {"covered_lines": 2, "num_statements": 124, "percent_covered": 1.6129032258064515, "percent_covered_display": "2", "missing_lines": 122, "excluded_lines": 0}, "missing_lines": [4, 5, 7, 8, 10, 11, 12, 13, 14, 15, 17, 18, 21, 23, 25, 26, 28, 29, 31, 32, 33, 34, 35, 36, 39, 42, 44, 45, 46, 47, 49, 50, 51, 52, 54, 56, 57, 59, 60, 63, 64, 65, 67, 68, 69, 70, 71, 73, 74, 75, 77, 79, 81, 82, 85, 87, 88, 89, 91, 93, 94, 95, 96, 99, 101, 102, 103, 104, 105, 106, 109, 110, 111, 112, 113, 114, 115, 117, 118, 119, 121, 122, 123, 124, 125, 128, 129, 132, 133, 135, 137, 140, 141, 142, 145, 146, 148, 149, 150, 151, 153, 154, 155, 156, 157, 158, 160, 161, 162, 163, 166, 168, 169, 170, 173, 175, 176, 177, 178, 179, 180, 181], "excluded_lines": []}, "src/myparser/spellchecker.py": {"executed_lines": [1, 2, 3, 4, 6, 10, 23, 30, 34, 40, 52], "summary": {"covered_lines": 11, "num_statements": 59, "percent_covered": 18.64406779661017, "percent_covered_display": "19", "missing_lines": 48, "excluded_lines": 0}, "missing_lines": [7, 8, 11, 12, 13, 14, 16, 17, 18, 19, 20, 21, 25, 26, 27, 28, 31, 32, 35, 36, 38, 41, 42, 43, 44, 46, 47, 48, 49, 50, 53, 54, 56, 57, 58, 60, 63, 64, 66, 67, 68, 69, 72, 74, 75, 76, 77, 79], "excluded_lines": []}, "src/myparser/structures_files.py": {"executed_lines": [1, 2], "summary": {"covered_lines": 2, "num_statements": 111, "percent_covered": 1.8018018018018018, "percent_covered_display": "2", "missing_lines": 109, "excluded_lines": 0}, "missing_lines": [4, 5, 8, 10, 12, 13, 14, 15, 16, 17, 18, 19, 20, 21, 22, 23, 26, 27, 29, 30, 31, 32, 34, 35, 36, 37, 39, 40, 41, 42, 44, 45, 46, 47, 48, 50, 51, 52, 53, 54, 58, 69, 80, 81, 82, 83, 85, 86, 87, 89, 90, 92, 94, 95, 96, 97, 100, 101, 102, 103, 106, 108, 110, 111, 113, 115, 117, 118, 121, 122, 123, 124, 127, 128, 129, 131, 135, 136, 138, 139, 140, 141, 143, 144, 145, 146, 148, 150, 151, 152, 155, 156, 157, 158, 161, 162, 163, 165, 166, 167, 168, 170, 172, 173, 174, 175, 177, 178, 180], "excluded_lines": []}, "src/myparser/text_processor.py": {"executed_lines": [1, 20, 24, 27], "summary": {"covered_lines": 4, "num_statements": 23, "percent_covered": 17.391304347826086, "percent_covered_display": "17", "missing_lines": 19, "excluded_lines": 0}, "missing_lines": [3, 5, 8, 11, 12, 14, 15, 17, 21, 25, 28, 29, 31, 33, 34, 35, 36, 38, 41], "excluded_lines": []}, "src/util/__init__.py": {"executed_lines": [1], "summary": {"covered_lines": 0, "num_statements": 0, "percent_covered": 100.0, "percent_covered_display": "100", "missing_lines": 0, "excluded_lines": 0}, "missing_lines": [], "excluded_lines": []}, "src/util/utilities.py": {"executed_lines": [1, 2, 3, 5, 10, 15, 43, 50, 67, 90, 95, 111, 129, 145], "summary": {"covered_lines": 14, "num_statements": 112, "percent_covered": 12.5, "percent_covered_display": "12", "missing_lines": 98, "excluded_lines": 0}, "missing_lines": [6, 7, 8, 11, 12, 13, 16, 20, 21, 22, 23, 25, 26, 27, 28, 29, 31, 32, 33, 35, 36, 37, 38, 39, 41, 44, 45, 46, 47, 48, 51, 52, 53, 55, 56, 59, 60, 62, 64, 65, 68, 69, 71, 72, 74, 75, 76, 77, 79, 80, 82, 85, 86, 88, 91, 92, 93, 97, 98, 100, 102, 104, 106, 108, 109, 113, 114, 117, 118, 121, 122, 125, 126, 127, 131, 132, 135, 138, 139, 140, 141, 142, 146, 148, 150, 151, 152, 153, 156, 157, 158, 159, 161, 162, 163, 165, 166, 168], "excluded_lines": []}}, "totals": {"covered_lines": 63, "num_statements": 887, "percent_covered": 7.1025930101465615, "percent_covered_display": "7", "missing_lines": 824, "excluded_lines": 0}}