{"meta": {"format": 2, "version": "7.4.1", "timestamp": "2024-02-06T19:21:51.358269", "branch_coverage": false, "show_contexts": false}, "files": {"src/__init__.py": {"executed_lines": [0], "summary": {"covered_lines": 0, "num_statements": 0, "percent_covered": 100.0, "percent_covered_display": "100", "missing_lines": 0, "excluded_lines": 0}, "missing_lines": [], "excluded_lines": []}, "src/myparser/__init__.py": {"executed_lines": [0], "summary": {"covered_lines": 0, "num_statements": 0, "percent_covered": 100.0, "percent_covered_display": "100", "missing_lines": 0, "excluded_lines": 0}, "missing_lines": [], "excluded_lines": []}, "src/myparser/graph.py": {"executed_lines": [1, 2, 3, 5, 6, 7, 8, 10, 11, 13, 14, 15, 16, 18, 19, 22, 31, 32, 33, 34, 36, 37, 39, 40, 41, 42, 43, 45, 46, 47, 48, 49, 50, 52, 53, 54, 55, 57, 58, 59, 60, 63, 64, 68, 69, 74, 75, 76, 77, 79, 80, 82, 84, 85, 86, 88, 89, 90, 92, 94, 95, 96, 98, 99, 100, 103, 104, 105, 107, 108, 109, 111, 112, 113, 114, 115, 117], "summary": {"covered_lines": 77, "num_statements": 88, "percent_covered": 87.5, "percent_covered_display": "88", "missing_lines": 11, "excluded_lines": 0}, "missing_lines": [23, 24, 25, 26, 27, 28, 29, 65, 66, 70, 71], "excluded_lines": []}, "src/myparser/info.py": {"executed_lines": [1, 2, 3, 4, 5, 6, 7, 9, 10, 11, 12, 13, 14, 15, 16, 17, 18], "summary": {"covered_lines": 17, "num_statements": 17, "percent_covered": 100.0, "percent_covered_display": "100", "missing_lines": 0, "excluded_lines": 0}, "missing_lines": [], "excluded_lines": []}, "src/myparser/sp_description.py": {"executed_lines": [1, 2, 3, 4, 6, 7, 8, 9, 10, 11, 13, 14, 15, 16, 18, 19, 20, 21, 23, 24, 26, 27, 31, 32, 33, 35, 36, 38, 39, 40, 42, 43, 48, 49, 51, 52, 53, 54, 58, 59, 60, 61, 62, 63, 64, 68, 70, 71, 72, 73, 77, 78, 79, 80, 81, 82, 83, 87, 90, 91, 92, 93, 97, 98, 99, 100, 101, 102, 103, 104, 108], "summary": {"covered_lines": 67, "num_statements": 89, "percent_covered": 75.28089887640449, "percent_covered_display": "75", "missing_lines": 22, "excluded_lines": 0}, "missing_lines": [28, 29, 45, 46, 55, 56, 65, 66, 74, 75, 84, 85, 86, 88, 94, 95, 96, 105, 106, 107, 109, 111], "excluded_lines": []}, "src/myparser/sp_values.py": {"executed_lines": [1, 2, 4, 5, 7, 8, 10, 11, 12, 14, 15, 17, 18, 19, 20, 22, 23, 24, 25, 27, 29, 30, 31, 33, 34, 35, 39, 40, 45, 46, 48, 49, 51, 58, 59, 60, 61], "summary": {"covered_lines": 37, "num_statements": 45, "percent_covered": 82.22222222222223, "percent_covered_display": "82", "missing_lines": 8, "excluded_lines": 0}, "missing_lines": [36, 37, 41, 42, 53, 54, 55, 56], "excluded_lines": []}, "src/myparser/spellchecker.py": {"executed_lines": [1, 2, 3, 4, 5, 7, 8, 9, 11, 12, 13, 15, 16, 17, 19, 21, 22, 23, 25, 26, 27, 28, 29, 31, 32, 33, 35, 36, 37, 38, 39, 40, 41, 42, 44, 45, 46, 47, 49, 55, 56, 57, 59, 61, 62, 63, 64, 66, 67, 70, 71, 75], "summary": {"covered_lines": 52, "num_statements": 56, "percent_covered": 92.85714285714286, "percent_covered_display": "93", "missing_lines": 4, "excluded_lines": 0}, "missing_lines": [68, 69, 72, 73], "excluded_lines": []}, "src/myparser/structures_files.py": {"executed_lines": [1, 3, 4, 7, 8, 9, 11, 20, 21, 26, 27, 28, 29, 33, 34, 35, 36, 37, 39, 40], "summary": {"covered_lines": 20, "num_statements": 24, "percent_covered": 83.33333333333333, "percent_covered_display": "83", "missing_lines": 4, "excluded_lines": 0}, "missing_lines": [22, 23, 30, 31], "excluded_lines": []}, "src/myparser/text_processor.py": {"executed_lines": [1, 3, 5, 8, 11, 12, 14, 15, 17, 19, 20, 21], "summary": {"covered_lines": 12, "num_statements": 12, "percent_covered": 100.0, "percent_covered_display": "100", "missing_lines": 0, "excluded_lines": 0}, "missing_lines": [], "excluded_lines": []}, "src/orchestrator.py": {"executed_lines": [1, 2, 3, 4, 5, 7, 8, 10, 11, 13, 16, 19, 22, 25, 28], "summary": {"covered_lines": 15, "num_statements": 21, "percent_covered": 71.42857142857143, "percent_covered_display": "71", "missing_lines": 6, "excluded_lines": 0}, "missing_lines": [14, 17, 20, 23, 26, 29], "excluded_lines": []}, "src/util/__init__.py": {"executed_lines": [0], "summary": {"covered_lines": 0, "num_statements": 0, "percent_covered": 100.0, "percent_covered_display": "100", "missing_lines": 0, "excluded_lines": 0}, "missing_lines": [], "excluded_lines": []}, "src/util/utilities.py": {"executed_lines": [1, 2, 4, 5, 6, 7, 9, 10, 11, 12, 13, 15, 16, 18, 19, 22, 23, 26, 27, 30, 31, 32, 34, 36, 37, 40, 43, 44, 45, 46, 47, 48], "summary": {"covered_lines": 23, "num_statements": 31, "percent_covered": 74.19354838709677, "percent_covered_display": "74", "missing_lines": 8, "excluded_lines": 0}, "missing_lines": [17, 21, 25, 29, 33, 35, 39, 42], "excluded_lines": []}, "tests/__init__.py": {"executed_lines": [0], "summary": {"covered_lines": 0, "num_statements": 0, "percent_covered": 100.0, "percent_covered_display": "100", "missing_lines": 0, "excluded_lines": 0}, "missing_lines": [], "excluded_lines": []}, "tests/unit/__init__.py": {"executed_lines": [0], "summary": {"covered_lines": 0, "num_statements": 0, "percent_covered": 100.0, "percent_covered_display": "100", "missing_lines": 0, "excluded_lines": 0}, "missing_lines": [], "excluded_lines": []}, "tests/unit/test_constants.py": {"executed_lines": [2, 3], "summary": {"covered_lines": 2, "num_statements": 2, "percent_covered": 100.0, "percent_covered_display": "100", "missing_lines": 0, "excluded_lines": 0}, "missing_lines": [], "excluded_lines": []}, "tests/unit/test_graph.py": {"executed_lines": [1, 2, 5, 6, 7, 8, 11, 12, 13, 14, 15, 16, 17, 18, 19, 20, 21, 22, 23, 24, 26, 28, 30, 31, 32, 33, 35, 36, 37, 38, 39, 41, 42, 43, 44, 45, 46, 48, 49, 50, 51, 52, 54, 55, 56, 57, 58, 59, 60, 61, 63, 64, 65, 66, 67, 68, 70, 71, 72, 73, 74, 75, 76, 77, 78, 79, 81, 82, 83, 84, 85, 86, 87, 88, 90, 91, 92, 93, 94, 95, 96, 98, 99, 100, 101, 102, 103], "summary": {"covered_lines": 87, "num_statements": 87, "percent_covered": 100.0, "percent_covered_display": "100", "missing_lines": 0, "excluded_lines": 0}, "missing_lines": [], "excluded_lines": []}, "tests/unit/test_info.py": {"executed_lines": [1, 3, 4, 5], "summary": {"covered_lines": 4, "num_statements": 4, "percent_covered": 100.0, "percent_covered_display": "100", "missing_lines": 0, "excluded_lines": 0}, "missing_lines": [], "excluded_lines": []}, "tests/unit/test_sp_description.py": {"executed_lines": [1, 2, 3, 4, 6, 10, 11, 12, 13, 14, 15, 16, 17, 18, 19, 20, 21, 22, 23, 24, 25, 27, 29, 33, 34, 35, 37, 38, 39, 40, 41, 42, 43, 44, 46, 48, 52, 53, 54, 55, 56, 57, 58, 59, 60, 61, 62, 64, 66, 70, 71, 72, 73, 74, 75, 76, 77, 78, 79, 80, 82, 84], "summary": {"covered_lines": 53, "num_statements": 59, "percent_covered": 89.83050847457628, "percent_covered_display": "90", "missing_lines": 6, "excluded_lines": 0}, "missing_lines": [50, 51, 67, 68, 69, 81], "excluded_lines": []}, "tests/unit/test_sp_values.py": {"executed_lines": [1, 3, 7, 8, 9, 10, 11, 12, 13, 14, 15, 16, 17, 18, 19, 20, 22, 24], "summary": {"covered_lines": 18, "num_statements": 18, "percent_covered": 100.0, "percent_covered_display": "100", "missing_lines": 0, "excluded_lines": 0}, "missing_lines": [], "excluded_lines": []}, "tests/unit/test_spellchecker.py": {"executed_lines": [1, 2, 4, 8, 9, 10, 11, 12, 13, 16, 17, 18, 19, 20, 21, 22, 23, 24, 25, 27, 29, 32, 33, 34, 35, 36, 37, 39, 40, 41, 42, 44, 46], "summary": {"covered_lines": 33, "num_statements": 33, "percent_covered": 100.0, "percent_covered_display": "100", "missing_lines": 0, "excluded_lines": 0}, "missing_lines": [], "excluded_lines": []}, "tests/unit/test_structures_files.py": {"executed_lines": [1, 3, 7, 8, 9, 10, 11, 12, 13, 14, 16, 18], "summary": {"covered_lines": 12, "num_statements": 12, "percent_covered": 100.0, "percent_covered_display": "100", "missing_lines": 0, "excluded_lines": 0}, "missing_lines": [], "excluded_lines": []},