{"meta": {"format": 2, "version": "7.4.2", "timestamp": "2024-05-13T17:34:23.767711", "branch_coverage": false, "show_contexts": false}, "files": {"src/__init__.py": {"executed_lines": [1], "summary": {"covered_lines": 0, "num_statements": 0, "percent_covered": 100.0, "percent_covered_display": "100", "missing_lines": 0, "excluded_lines": 0}, "missing_lines": [], "excluded_lines": []}, "src/myparser/__init__.py": {"executed_lines": [1], "summary": {"covered_lines": 0, "num_statements": 0, "percent_covered": 100.0, "percent_covered_display": "100", "missing_lines": 0, "excluded_lines": 0}, "missing_lines": [], "excluded_lines": []}, "src/myparser/hierarchy/__init__.py": {"executed_lines": [1], "summary": {"covered_lines": 0, "num_statements": 0, "percent_covered": 100.0, "percent_covered_display": "100", "missing_lines": 0, "excluded_lines": 0}, "missing_lines": [], "excluded_lines": []}, "src/myparser/hierarchy/graph.py": {"executed_lines": [1, 2, 4, 6, 14, 23, 34, 46, 52, 59, 64], "summary": {"covered_lines": 11, "num_statements": 92, "percent_covered": 11.956521739130435, "percent_covered_display": "12", "missing_lines": 81, "excluded_lines": 0}, "missing_lines": [7, 8, 9, 11, 12, 15, 16, 17, 19, 20, 35, 36, 37, 38, 39, 40, 41, 43, 44, 47, 48, 49, 50, 53, 54, 55, 56, 57, 60, 61, 62, 65, 66, 67, 68, 69, 73, 74, 75, 78, 79, 82, 83, 84, 87, 89, 90, 92, 95, 98, 101, 103, 104, 106, 107, 108, 110, 113, 116, 119, 121, 122, 124, 125, 126, 129, 130, 131, 133, 134, 135, 137, 138, 139, 140, 141, 142, 143, 144, 145, 147], "excluded_lines": []}, "src/myparser/hierarchy/tree.py": {"executed_lines": [1, 3, 5, 6, 16, 30, 38, 56], "summary": {"covered_lines": 8, "num_statements": 78, "percent_covered": 10.256410256410257, "percent_covered_display": "10", "missing_lines": 70, "excluded_lines": 0}, "missing_lines": [7, 8, 9, 10, 11, 12, 13, 14, 17, 18, 19, 20, 21, 22, 23, 24, 25, 26, 27, 28, 31, 32, 33, 34, 35, 36, 39, 40, 41, 42, 43, 44, 45, 48, 49, 50, 51, 52, 53, 54, 57, 58, 60, 63, 64, 65, 67, 68, 71, 72, 73, 75, 77, 78, 81, 83, 85, 86, 87, 88, 90, 91, 92, 93, 94, 95, 98, 99, 100, 101], "excluded_lines": []}, "src/myparser/model/spreadsheets.py": {"executed_lines": [2, 3, 4, 6, 8, 9, 10, 11, 12, 13, 14, 15, 16, 17, 18, 19, 22, 23, 25, 26, 27, 28, 30, 31, 32, 33, 35, 36, 37, 38, 40, 41, 42, 43, 44, 46, 47, 48, 49, 50], "summary": {"covered_lines": 40, "num_statements": 40, "percent_covered": 100.0, "percent_covered_display": "100", "missing_lines": 0, "excluded_lines": 0}, "missing_lines": [], "excluded_lines": []}, "src/myparser/sp_description.py": {"executed_lines": [1, 3, 4, 5, 6, 8, 10, 18, 36, 61, 91, 125, 149, 174, 194, 216], "summary": {"covered_lines": 16, "num_statements": 185, "percent_covered": 8.64864864864865, "percent_covered_display": "9", "missing_lines": 169, "excluded_lines": 0}, "missing_lines": [11, 12, 13, 14, 15, 16, 19, 20, 22, 23, 24, 26, 27, 28, 29, 30, 31, 33, 34, 37, 38, 40, 41, 42, 43, 45, 46, 47, 49, 50, 51, 52, 54, 55, 56, 57, 59, 62, 63, 65, 66, 69, 70, 71, 74, 75, 77, 78, 80, 81, 82, 83, 85, 86, 87, 89, 92, 93, 95, 96, 97, 99, 100, 101, 103, 106, 107, 110, 113, 115, 116, 118, 119, 120, 121, 123, 126, 127, 130, 131, 132, 134, 135, 136, 137, 138, 139, 140, 141, 142, 143, 144, 145, 147, 150, 151, 153, 154, 155, 158, 159, 162, 163, 164, 165, 167, 169, 170, 172, 175, 176, 178, 179, 180, 182, 183, 185, 186, 187, 188, 189, 190, 192, 195, 197, 198, 200, 201, 202, 204, 205, 207, 208, 210, 211, 214, 217, 219, 221, 222, 223, 224, 226, 227, 229, 231, 233, 234, 237, 238, 240, 241, 242, 243, 244, 246, 247, 248, 249, 252, 253, 256, 257, 259, 260, 261, 263, 264, 266], "excluded_lines": []}, "src/myparser/sp_scenario.py": {"executed_lines": [1, 3, 5, 25], "summary": {"covered_lines": 4, "num_statements": 30, "percent_covered": 13.333333333333334, "percent_covered_display": "13", "missing_lines": 26, "excluded_lines": 0}, "missing_lines": [6, 7, 9, 10, 11, 12, 14, 16, 17, 18, 20, 21, 23, 26, 27, 29, 30, 31, 32, 34, 35, 37, 38, 40, 41, 43], "excluded_lines": []}, "src/myparser/sp_temporal_reference.py": {"executed_lines": [1, 3, 5, 25], "summary": {"covered_lines": 4, "num_statements": 30, "percent_covered": 13.333333333333334, "percent_covered_display": "13", "missing_lines": 26, "excluded_lines": 0}, "missing_lines": [6, 7, 9, 10, 11, 12, 14, 16, 17, 18, 20, 21, 23, 26, 27, 29, 30, 31, 32, 34, 35, 37, 38, 40, 41, 43], "excluded_lines": []}, "src/myparser/sp_values.py": {"executed_lines": [1, 3, 5, 26, 45, 57, 68, 102], "summary": {"covered_lines": 8, "num_statements": 124, "percent_covered": 6.451612903225806, "percent_covered_display": "6", "missing_lines": 116, "excluded_lines": 0}, "missing_lines": [6, 8, 9, 11, 12, 13, 14, 15, 16, 18, 19, 22, 24, 27, 29, 30, 32, 33, 34, 35, 36, 37, 40, 43, 46, 47, 48, 50, 51, 52, 53, 55, 58, 60, 61, 64, 65, 66, 69, 70, 71, 72, 74, 75, 76, 78, 80, 82, 83, 86, 88, 89, 90, 92, 94, 95, 96, 97, 100, 103, 104, 105, 106, 107, 110, 111, 112, 113, 114, 115, 116, 118, 119, 120, 122, 123, 124, 125, 126, 129, 130, 133, 134, 136, 138, 141, 142, 143, 146, 147, 149, 150, 151, 152, 154, 155, 156, 157, 158, 159, 161, 162, 163, 164, 167, 169, 170, 171, 174, 176, 177, 178, 179, 180, 181, 182], "excluded_lines": []}, "src/myparser/spellchecker.py": {"executed_lines": [1, 2, 3, 4, 6, 10, 23, 30, 34, 40, 52], "summary": {"covered_lines": 11, "num_statements": 59, "percent_covered": 18.64406779661017, "percent_covered_display": "19", "missing_lines": 48, "excluded_lines": 0}, "missing_lines": [7, 8, 11, 12, 13, 14, 16, 17, 18, 19, 20, 21, 25, 26, 27, 28, 31, 32, 35, 36, 38, 41, 42, 43, 44, 46, 47, 48, 49, 50, 53, 54, 56, 57, 58, 60, 63, 64, 66, 67, 68, 69, 72, 74, 75, 76, 77, 79], "excluded_lines": []}, "src/myparser/structures_files.py": {"executed_lines": [1, 3, 4, 6, 8, 35, 93], "summary": {"covered_lines": 7, "num_statements": 82, "percent_covered": 8.536585365853659, "percent_covered_display": "9", "missing_lines": 75, "excluded_lines": 0}, "missing_lines": [9, 10, 11, 13, 16, 17, 18, 20, 22, 23, 24, 25, 27, 28, 30, 31, 33, 36, 37, 38, 41, 42, 43, 44, 46, 47, 49, 52, 53, 54, 55, 56, 58, 60, 61, 64, 65, 66, 67, 70, 71, 72, 74, 78, 79, 81, 82, 83, 84, 86, 87, 88, 89, 91, 94, 95, 98, 99, 100, 101, 104, 105, 106, 108, 109, 110, 111, 113, 115, 116, 117, 118, 120, 121, 123], "excluded_lines": []}, "src/myparser/text_processor.py": {"executed_lines": [1, 20, 24, 27], "summary": {"covered_lines": 4, "num_statements": 23, "percent_covered": 17.391304347826086, "percent_covered_display": "17", "missing_lines": 19, "excluded_lines": 0}, "missing_lines": [3, 5, 8, 11, 12, 14, 15, 17, 21, 25, 28, 29, 31, 33, 34, 35, 36, 38, 41], "excluded_lines": []}, "src/util/__init__.py": {"executed_lines": [1], "summary": {"covered_lines": 0, "num_statements": 0, "percent_covered": 100.0, "percent_covered_display": "100", "missing_lines": 0, "excluded_lines": 0}, "missing_lines": [], "excluded_lines": []}, "src/util/report_generator.py": {"executed_lines": [1, 2, 3], "summary": {"covered_lines": 3, "num_statements": 47, "percent_covered": 6.382978723404255, "percent_covered_display": "6", "missing_lines": 44, "excluded_lines": 0}, "missing_lines": [4, 6, 7, 8, 9, 10, 11, 12, 14, 16, 18, 19, 21, 88, 89, 92, 93, 94, 95, 96, 98, 99, 101, 107, 113, 123, 124, 125, 126, 128, 129, 131, 132, 133, 135, 136, 137, 139, 140, 142, 144, 146, 147, 148], "excluded_lines": []}, "src/util/utilities.py": {"executed_lines": [1, 2, 3, 5, 8, 11, 14, 18, 23, 28, 56, 63, 80, 103, 108, 109, 110, 113, 114, 115, 118, 120, 126, 127, 128, 136, 138, 156, 189], "summary": {"covered_lines": 29, "num_statements": 146, "percent_covered": 19.863013698630137, "percent_covered_display": "20", "missing_lines": 117, "excluded_lines": 0},